{
  "norm_stats": {
    "observation.state.arm.position": {
      "mean": [
        0.971801221370697,
        0.7993695735931396,
        0.99964839220047,
        -0.5425319075584412,
        0.9997720122337341,
        -0.9761281609535217,
        0.6912829875946045
      ],
      "std": [
        0.028250908479094505,
        0.11566880345344543,
        0.0005684212665073574,
        0.24820111691951752,
        0.00022473285207524896,
        0.012327488511800766,
        0.02755417861044407
      ]
    },
    "observation.state.effector.position": {
      "mean": [
        -0.013081866316497326,
        0.01177025306969881,
        0.9410296678543091,
        0.020301515236496925,
        -0.08106575161218643,
        -0.09051297605037689,
        0.8287601470947266
      ],
      "std": [
        0.09810848534107208,
        0.14924129843711853,
        0.0793791338801384,
        0.017688630148768425,
        0.047864992171525955,
        0.05107342451810837,
        0.03270168974995613
      ]
    },
    "action.arm.position": {
      "mean": [
        0.027711883187294006,
        0.07321543991565704,
        0.0,
        0.11106318980455399,
        0.0,
        0.0,
        0.0
      ],
      "std": [
        0.24160590767860413,
        0.29513630270957947,
        9.99999993922529e-09,
        0.2309364676475525,
        9.99999993922529e-09,
        9.99999993922529e-09,
        9.99999993922529e-09
      ]
    },
    "action.effector.position": {
      "mean": [
        -0.005067931953817606
      ],
      "std": [
        0.18408240377902985
      ]
    }
  }
}